-- Создание начинок
INSERT INTO filling (id, name, image_url, content, kg_price, description)
VALUES ('550e8400-e29b-41d4-a716-446655440040',
        'Клубничная начинка',
        'https://i.ytimg.com/vi/I13zewKbVAM/maxresdefault.jpg',
        'Клубника, сливки',
        1200,
        'Свежая клубника со сливками — классика для летнего настроения'),
       ('550e8400-e29b-41d4-a716-446655440041',
        'Шоколадно-ореховая',
        'https://i.pinimg.com/originals/0f/fa/fc/0ffafc8a8daf2d949a452c3e491d1f6d.jpg',
        'Горький шоколад, фундук, сливки',
        1350,
        'Насыщенный шоколад с хрустящими орехами'),
       ('550e8400-e29b-41d4-a716-446655440042',
        'Манго-маракуйя',
        'https://avatars.mds.yandex.net/i?id=5183fd71975896c6279ce96816924e74_l-5210456-images-thumbs&n=13',
        'Манго, маракуйя, заварной крем',
        1400,
        'Экзотическая начинка с ярким фруктовым вкусом'),
       ('550e8400-e29b-41d4-a716-446655440043',
        'Солёная карамель',
        'https://ukrnova.com/images/2021/08/09/full_JHAdwYnf_large.jpg',
        'Солёная карамель, маскарпоне',
        1250,
        'Лёгкая солоноватость в сочетании с кремовой сладостью'),
       ('550e8400-e29b-41d4-a716-446655440044',
        'Черничный чизкейк',
        'https://i.pinimg.com/originals/df/91/50/df91509eebb1edd4d363caf027e57752.jpg',
        'Черника, сливочный сыр, сахарная пудра',
        1300,
        'Нежная и слегка кислая начинка в стиле чизкейк'),
       ('550e8400-e29b-41d4-a716-446655440045',
        'Кокосовый рай',
        'https://i.pinimg.com/originals/2f/07/0a/2f070a07d45c28a6eeb8e7f062082449.jpg',
        'Кокосовая стружка, сгущёнка, сливки',
        1150,
        'Для любителей баунти и тропических вкусов'),
       ('550e8400-e29b-41d4-a716-446655440046',
        'Фисташковая',
        'https://i.pinimg.com/originals/6c/e7/92/6ce79265f58d5ee2920ea622a889073d.jpg',
        'Фисташки, крем-чиз, сливки',
        1450,
        'Премиальная начинка с насыщенным ореховым вкусом');

-- Создание категорий
INSERT INTO category (id, name, image_url, gender_tags)
VALUES ('550e8400-e29b-41d4-a716-446655440030',
        'Свадебные',
        'https://i.pinimg.com/736x/76/4d/d7/764dd737b2230fbf7de158e14daa71c6.jpg',
        ARRAY ['male', 'female']::category_gender[]),
       ('550e8400-e29b-41d4-a716-446655440031',
        'Детские',
        'https://avatars.mds.yandex.net/i?id=8a620b4041ecb6c5a00f9ce0188461dc_l-6431583-images-thumbs&n=13',
        ARRAY ['child']::category_gender[]),
       ('550e8400-e29b-41d4-a716-446655440032',
        'День рождения',
        'https://vladimir-city.ru/upload/iblock/fbe/FOOjPu0V0.jpg',
        ARRAY ['male', 'female', 'child']::category_gender[]),
       ('550e8400-e29b-41d4-a716-446655440034',
        'Тематика / фан-дизайн',
        'https://i.pinimg.com/736x/fd/2a/21/fd2a2122446731e8cd757e5ea8d1adf2.jpg',
        ARRAY ['male', 'female', 'child']::category_gender[]),
       ('550e8400-e29b-41d4-a716-446655440035',
        'Зимние',
        'https://i.pinimg.com/originals/5b/57/a7/5b57a784eedbaaa57288d54607300dbf.jpg',
        ARRAY ['male', 'female', 'child']::category_gender[]),
       ('550e8400-e29b-41d4-a716-446655440036',
        'Шоколадные',
        'https://avatars.mds.yandex.net/i?id=4226156cbae094ac581c27dfecb176bd_l-12768700-images-thumbs&n=13',
        ARRAY ['male', 'female', 'child']::category_gender[]),
       ('550e8400-e29b-41d4-a716-446655440037',
        'Клубничные',
        'https://avatars.mds.yandex.net/i?id=40d0c0d52db538656b02ec8d0b76b390_l-12307238-images-thumbs&n=13',
        ARRAY ['male', 'female', 'child']::category_gender[]);

-- Создание пользователей
INSERT INTO "user" (id, nickname, mail, password_hash)
VALUES ('550e8400-e29b-41d4-a716-446655440021',
        'mightyKingRichard',
        'test@gmail.com',
        '$2a$04$dpaBcrUG3PziP8FbPQHaaOTJ4xtNhrXteYA6FdDhkNVnkIUXoDnOO');

-- Создание тортов
INSERT INTO cake (id, name, image_url, kg_price, description, mass,
                  discount_kg_price, discount_end_time, date_creation,
                  is_open_for_sale, owner_id)
-- Новые
VALUES ('550e8400-e29b-41d4-a716-446655441101',
        'Лимонный бриз',
        'https://avatars.mds.yandex.net/i?id=5a0ef22953c7ad1a8aaf98e98f10e021_l-8209398-images-thumbs&n=13',
        1800,
        'Цитрусовый бисквит с лимонным курдом.',
        750,
        NULL,
        NULL,
        '2025-04-24 12:00:00',
        TRUE,
        '550e8400-e29b-41d4-a716-446655440021'),
       ('550e8400-e29b-41d4-a716-446655441102',
        'Банановый пудинг',
        'https://i.pinimg.com/736x/70/ae/41/70ae41e7ff785eea1b6f1bcd4d848d87.jpg',
        1650,
        'Пышный банановый крем и ванильный корж.',
        680,
        NULL,
        NULL,
        '2025-04-23 16:00:00',
        TRUE,
        '550e8400-e29b-41d4-a716-446655440021'),
       ('550e8400-e29b-41d4-a716-446655441103',
        'Апельсиновый зефир',
        'https://www.doverie-omsk.ru/upload/u39/wysiwyg/sekrety-kulinarii/zefir-12.jpg',
        1700,
        'Лёгкий зефирный мусс с цедрой апельсина.',
        600,
        NULL,
        NULL,
        '2025-04-22 10:00:00',
        TRUE,
        '550e8400-e29b-41d4-a716-446655440021'),
       ('550e8400-e29b-41d4-a716-446655441104',
        'Медовик с орехами',
        'https://avatars.mds.yandex.net/i?id=fad3d1233c0307078f7d893a109cfb79_l-4534058-images-thumbs&n=13',
        1600,
        'Классический медовик с грецкими орехами.',
        900,
        NULL,
        NULL,
        '2025-04-21 09:30:00',
        TRUE,
        '550e8400-e29b-41d4-a716-446655440021'),
       ('550e8400-e29b-41d4-a716-446655441105',
        'Сливочная ваниль',
        'https://avatars.mds.yandex.net/i?id=0f90a1ffe316113ff3780c2c0860820e_l-9181220-images-thumbs&n=13',
        1750,
        'Нежный крем с натуральной ванилью и ягодами.',
        850,
        NULL,
        NULL,
        '2025-04-18 15:00:00',
        TRUE,
        '550e8400-e29b-41d4-a716-446655440021'),
-- Со скидкой
       ('550e8400-e29b-41d4-a716-446655441201',
        'Мятный шоколад',
        'https://www.southernliving.com/thmb/eVSa3oxiHYMy5gGKuS2pHfZJnB0=/1500x0/filters:no_upscale():max_bytes(150000):strip_icc()/7c839938e6cb6bc7_8823_10490_0_1-2000-35cede9aa1e246958bad1ecad7cd7f22-01cd5e4666474b7a837528ee8b163d1d.jpg',
        2000,
        'Темный шоколад с мятной ноткой.',
        700,
        1700,
        '2025-05-05',
        '2025-04-10',
        TRUE,
        '550e8400-e29b-41d4-a716-446655440021'),
       ('550e8400-e29b-41d4-a716-446655441202',
        'Карамельный чизкейк',
        'https://i.pinimg.com/originals/2e/72/1b/2e721b8c9b6369d98eca56c4bd4ca557.jpg',
        1900,
        'Чизкейк с солёной карамелью.',
        780,
        1600,
        '2025-05-01',
        '2025-04-15',
        TRUE,
        '550e8400-e29b-41d4-a716-446655440021'),
       ('550e8400-e29b-41d4-a716-446655441203',
        'Ореховый бум',
        'https://balthazar.club/uploads/posts/2022-02/1644621409_1-balthazar-club-p-biskvit-s-orekhami-1.jpg',
        2100,
        'Ассорти из орехов с мягким кремом.',
        820,
        1800,
        '2025-05-03',
        '2025-04-12',
        TRUE,
        '550e8400-e29b-41d4-a716-446655440021'),
       ('550e8400-e29b-41d4-a716-446655441204',
        'Ягодный мусс',
        'https://avatars.dzeninfra.ru/get-zen_doc/271828/pub_66347aba12d1c34b9cb42f98_66347b4aeb2236040f8e0245/scale_1200',
        1850,
        'Легкий мусс с клубникой, черникой и смородиной.',
        740,
        1600,
        '2025-05-02',
        '2025-04-13',
        TRUE,
        '550e8400-e29b-41d4-a716-446655440021'),
       ('550e8400-e29b-41d4-a716-446655441205',
        'Ванильный трюфель',
        'https://i.ytimg.com/vi/URB_A5UjwXA/maxresdefault.jpg',
        1950,
        'Крем на основе белого шоколада и ванили.',
        690, 1650,
        '2025-04-30',
        '2025-04-14',
        TRUE,
        '550e8400-e29b-41d4-a716-446655440021'),
-- Остальные (старые и без скидок)
       ('550e8400-e29b-41d4-a716-446655441301',
        'Кокосовая нежность',
        'https://i.pinimg.com/736x/41/3b/e3/413be3c81a490d753994881059f42c73.jpg',
        1800,
        'Кокосовый крем, бисквит и миндальная стружка.',
        700,
        NULL,
        NULL,
        '2025-04-05',
        TRUE,
        '550e8400-e29b-41d4-a716-446655440021'),
       ('550e8400-e29b-41d4-a716-446655441302',
        'Творожный рай',
        'https://i.ytimg.com/vi/xP4GY0jQAY4/maxresdefault.jpg',
        1750,
        'Лёгкий творожный мусс с персиками.',
        750,
        NULL,
        NULL,
        '2025-04-06',
        TRUE,
        '550e8400-e29b-41d4-a716-446655440021'),
       ('550e8400-e29b-41d4-a716-446655441303',
        'Кофейный бисквит',
        'https://i.ytimg.com/vi/LC_C6aaV4FQ/maxresdefault.jpg',
        1850,
        'Бисквит с эспрессо и крем-чизом.',
        790,
        NULL,
        NULL,
        '2025-04-01',
        TRUE,
        '550e8400-e29b-41d4-a716-446655440021'),
       ('550e8400-e29b-41d4-a716-446655441304',
        'Черничный поцелуй',
        'https://i.ytimg.com/vi/Y9Spa-n31Oo/maxresdefault.jpg',
        1900,
        'Мягкий крем, черника и шоколадный корж.',
        720,
        NULL,
        NULL,
        '2025-04-02',
        TRUE,
        '550e8400-e29b-41d4-a716-446655440021'),
       ('550e8400-e29b-41d4-a716-446655441305',
        'Пряная груша',
        'https://desertomania.ru/products/bento/images/programm/7_1.jpg',
        1700,
        'Грушевый крем с корицей и орехами.',
        810,
        NULL,
        NULL,
        '2025-04-03',
        TRUE,
        '550e8400-e29b-41d4-a716-446655440021');

-- Связывание тортов с начинками
INSERT INTO cake_filling (id, cake_id, filling_id)
VALUES ('11111111-0000-0000-0000-000000000001',
        '550e8400-e29b-41d4-a716-446655441101',
        '550e8400-e29b-41d4-a716-446655440042'),
       ('11111111-0000-0000-0000-000000000002',
        '550e8400-e29b-41d4-a716-446655441102',
        '550e8400-e29b-41d4-a716-446655440040'),
       ('11111111-0000-0000-0000-000000000003',
        '550e8400-e29b-41d4-a716-446655441103',
        '550e8400-e29b-41d4-a716-446655440044'),
       ('11111111-0000-0000-0000-000000000004',
        '550e8400-e29b-41d4-a716-446655441104',
        '550e8400-e29b-41d4-a716-446655440041'),
       ('11111111-0000-0000-0000-000000000005',
        '550e8400-e29b-41d4-a716-446655441105',
        '550e8400-e29b-41d4-a716-446655440046'),
       ('11111111-0000-0000-0000-000000000006',
        '550e8400-e29b-41d4-a716-446655441201',
        '550e8400-e29b-41d4-a716-446655440041'),
       ('11111111-0000-0000-0000-000000000007',
        '550e8400-e29b-41d4-a716-446655441202',
        '550e8400-e29b-41d4-a716-446655440043'),
       ('11111111-0000-0000-0000-000000000008',
        '550e8400-e29b-41d4-a716-446655441203',
        '550e8400-e29b-41d4-a716-446655440046'),
       ('11111111-0000-0000-0000-000000000009',
        '550e8400-e29b-41d4-a716-446655441204',
        '550e8400-e29b-41d4-a716-446655440040'),
       ('11111111-0000-0000-0000-000000000010',
        '550e8400-e29b-41d4-a716-446655441205',
        '550e8400-e29b-41d4-a716-446655440044'),
       ('11111111-0000-0000-0000-000000000011',
        '550e8400-e29b-41d4-a716-446655441301',
        '550e8400-e29b-41d4-a716-446655440045'),
       ('11111111-0000-0000-0000-000000000012',
        '550e8400-e29b-41d4-a716-446655441302',
        '550e8400-e29b-41d4-a716-446655440044'),
       ('11111111-0000-0000-0000-000000000013',
        '550e8400-e29b-41d4-a716-446655441303',
        '550e8400-e29b-41d4-a716-446655440041'),
       ('11111111-0000-0000-0000-000000000014',
        '550e8400-e29b-41d4-a716-446655441304',
        '550e8400-e29b-41d4-a716-446655440044'),
       ('11111111-0000-0000-0000-000000000015',
        '550e8400-e29b-41d4-a716-446655441305',
        '550e8400-e29b-41d4-a716-446655440043');

INSERT INTO cake_category (id, cake_id, category_id)
VALUES ('550e8400-e29b-41d4-a716-446655449001',
        '550e8400-e29b-41d4-a716-446655441101',
        '550e8400-e29b-41d4-a716-446655440035'),
       ('550e8400-e29b-41d4-a716-446655449002',
        '550e8400-e29b-41d4-a716-446655441101',
        '550e8400-e29b-41d4-a716-446655440032'),
       ('550e8400-e29b-41d4-a716-446655449003',
        '550e8400-e29b-41d4-a716-446655441102',
        '550e8400-e29b-41d4-a716-446655440031'),
       ('550e8400-e29b-41d4-a716-446655449004',
        '550e8400-e29b-41d4-a716-446655441102',
        '550e8400-e29b-41d4-a716-446655440032'),
       ('550e8400-e29b-41d4-a716-446655449005',
        '550e8400-e29b-41d4-a716-446655441103',
        '550e8400-e29b-41d4-a716-446655440034'),
       ('550e8400-e29b-41d4-a716-446655449006',
        '550e8400-e29b-41d4-a716-446655441103',
        '550e8400-e29b-41d4-a716-446655440032'),
       ('550e8400-e29b-41d4-a716-446655449007',
        '550e8400-e29b-41d4-a716-446655441104',
        '550e8400-e29b-41d4-a716-446655440036'),
       ('550e8400-e29b-41d4-a716-446655449008',
        '550e8400-e29b-41d4-a716-446655441104',
        '550e8400-e29b-41d4-a716-446655440032'),
       ('550e8400-e29b-41d4-a716-446655449009',
        '550e8400-e29b-41d4-a716-446655441105',
        '550e8400-e29b-41d4-a716-446655440030'),
       ('550e8400-e29b-41d4-a716-446655449010',
        '550e8400-e29b-41d4-a716-446655441105',
        '550e8400-e29b-41d4-a716-446655440032'),
       ('550e8400-e29b-41d4-a716-446655449011',
        '550e8400-e29b-41d4-a716-446655441201',
        '550e8400-e29b-41d4-a716-446655440036'),
       ('550e8400-e29b-41d4-a716-446655449012',
        '550e8400-e29b-41d4-a716-446655441201',
        '550e8400-e29b-41d4-a716-446655440035'),
       ('550e8400-e29b-41d4-a716-446655449013',
        '550e8400-e29b-41d4-a716-446655441202',
        '550e8400-e29b-41d4-a716-446655440036'),
       ('550e8400-e29b-41d4-a716-446655449014',
        '550e8400-e29b-41d4-a716-446655441202',
        '550e8400-e29b-41d4-a716-446655440030'),
       ('550e8400-e29b-41d4-a716-446655449015',
        '550e8400-e29b-41d4-a716-446655441203',
        '550e8400-e29b-41d4-a716-446655440036'),
       ('550e8400-e29b-41d4-a716-446655449016',
        '550e8400-e29b-41d4-a716-446655441203',
        '550e8400-e29b-41d4-a716-446655440032'),
       ('550e8400-e29b-41d4-a716-446655449017',
        '550e8400-e29b-41d4-a716-446655441204',
        '550e8400-e29b-41d4-a716-446655440037'),
       ('550e8400-e29b-41d4-a716-446655449018',
        '550e8400-e29b-41d4-a716-446655441204',
        '550e8400-e29b-41d4-a716-446655440032');


-- Иванов Иван Иванович
INSERT INTO "user" (id, fio, nickname, image_url, header_image_url, mail, password_hash, phone, card_number)
VALUES ('e9842bec-0da1-44df-8d15-f23abad016e1',
        'Иванов Иван Иванович',
        'ivanov',
        'https://i.pinimg.com/736x/82/d1/02/82d102bdb9ab36835c16fa1c260240b4.jpg',
        'https://i.ytimg.com/vi/2jR7DcvC4Pk/maxresdefault.jpg',
        'ivanov@example.com',
        'hash1',
        '89991234567',
        '1234567812345678');

-- Петрова Анна Сергеевна
INSERT INTO "user" (id, fio, nickname, image_url, header_image_url, mail, password_hash, phone, card_number)
VALUES ('709a8321-fbc7-45c9-8414-9df4c9f454e3',
        'Петрова Анна Сергеевна',
        'petrova',
        'https://i.pinimg.com/originals/33/6f/b7/336fb7b8b172c737d7af6e8261c95a96.jpg',
        'https://avatars.mds.yandex.net/i?id=00a0ffc5361aeb54140f8521a30adcdeacf13c25-5485324-images-thumbs&n=13',
        'petrova@example.com',
        'hash2',
        '89997654321',
        '8765432187654321');

-- Добавляем пользователя в таблицу "user"
INSERT INTO "user" (id, fio, nickname, image_url, header_image_url, mail, password_hash, phone, card_number,
                    refresh_tokens_map)
VALUES ('1d4c8bda-158d-49c1-bf56-5c9339ab7683',
        'Иван Иванов',
        'ivanov123',
        'https://steamuserimages-a.akamaihd.net/ugc/2547430415513542316/A23BDFD8663F4B3917E23D67A64103F4DF1D27DF/',
        'https://avatars.mds.yandex.net/i?id=1bdc25a86e55e842456d5adf918f35d5_l-9148169-images-thumbs&n=13',
        'ivanov@mail.ru',
        'hashed_password123',
        '12345678901',
        '1111222233334444',
        '{}');

-- Добавляем торт в таблицу "cake"
INSERT INTO cake (id, name, image_url, kg_price, reviews_count, stars_sum, description, mass, discount_kg_price,
                  discount_end_time, date_creation, is_open_for_sale, owner_id)
VALUES ('630c92bf-fb25-476a-8fcd-3a9ce7943f87',
        'Шоколадный торт',
        'https://avatars.mds.yandex.net/i?id=9a6b139abe3af9263d6b144b937da41f_l-3580534-images-thumbs&n=13',
        1000.0,
        0,
        0,
        'Вкусный шоколадный торт с ванилью и нежным кремом.',
        1.5,
        800.0,
        NULL,
        CURRENT_TIMESTAMP,
        true,
        'e9842bec-0da1-44df-8d15-f23abad016e1');

-- Отзывы к Торту №1
INSERT INTO "feedback" (id, text, rating, cake_id, author_id)
VALUES ('c23e38db-3aeb-41ac-a9f2-e56f8cd6a014',
        'Очень вкусный торт! Шоколад идеально сочетается с ванилью, просто обалденно!',
        5,
        '630c92bf-fb25-476a-8fcd-3a9ce7943f87',
        'e9842bec-0da1-44df-8d15-f23abad016e1'),
       ('d5fecd65-d3f3-40b2-b6b5-d17e03b67fa1',
        'Торт был очень хорош, но хотелось бы немного больше начинки. В остальном всё супер!',
        4,
        '630c92bf-fb25-476a-8fcd-3a9ce7943f87',
        '709a8321-fbc7-45c9-8414-9df4c9f454e3'),
       ('a1d53f2b-3344-4c56-bd2b-69bf64ed56a1',
        'Очень шоколадный! Любители шоколада точно оценят, но для меня было чуть перебор.',
        4,
        '630c92bf-fb25-476a-8fcd-3a9ce7943f87',
        '1d4c8bda-158d-49c1-bf56-5c9339ab7683'),
       ('cb6f4e7d-5200-437f-98a5-59d56c846b4f',
        'Прекрасный торт, очень легкий и не приторный, идеально для вечеринки!',
        5, '630c92bf-fb25-476a-8fcd-3a9ce7943f87',
        '709a8321-fbc7-45c9-8414-9df4c9f454e3');

-- Отзывы к Торту №2 550e8400-e29b-41d4-a716-446655441101
INSERT INTO "feedback" (id, text, rating, cake_id, author_id)
VALUES ('a9cde0ad-dcdc-46ca-aed4-5cfb0d059073',
        'Торт вкусный, но слишком сладкий для меня. Возможно, стоит уменьшить количество сахара.',
        3,
        '550e8400-e29b-41d4-a716-446655441101',
        'e9842bec-0da1-44df-8d15-f23abad016e1'),
       ('f8c5d2e6-95e6-4b8b-9d61-3c0e0c567c98',
        'Прекрасный торт, всем рекомендую! Очень мягкий и вкусный. Стоит своих денег.',
        5,
        '550e8400-e29b-41d4-a716-446655441101',
        '709a8321-fbc7-45c9-8414-9df4c9f454e3'),
       ('fe56a1d8-9f7d-42ea-911e-e06f89b1a441',
        'Торт отличный, но мне не хватило крема, хотя по вкусу всё идеально!',
        4,
        '550e8400-e29b-41d4-a716-446655441101',
        '1d4c8bda-158d-49c1-bf56-5c9339ab7683'),
       ('b4f8cb87-8a17-45e1-9f96-2a9d12eae746',
        'Мне понравился, но немного не хватало аромата. В целом, всё очень вкусно, но есть над чем работать.',
        4,
        '550e8400-e29b-41d4-a716-446655441101',
        '709a8321-fbc7-45c9-8414-9df4c9f454e3');

-- Отзывы к Торту №3
INSERT INTO "feedback" (id, text, rating, cake_id, author_id)
VALUES ('e4c49a8f-1c99-4a7a-aef6-7be1b22959c9',
        'Великолепный торт, очень сочный и ароматный. Обязательно закажу ещё раз!',
        5,
        '550e8400-e29b-41d4-a716-446655441201',
        'e9842bec-0da1-44df-8d15-f23abad016e1'),
       ('f56b547d-2bfe-49fd-b2f6-2452c7f9fc32',
        'Очень понравился, хотя на вкус немного тяжеловат. Думаю, это из-за шоколадного крема.',
        4,
        '550e8400-e29b-41d4-a716-446655441201',
        '709a8321-fbc7-45c9-8414-9df4c9f454e3'),
       ('33c70259-5403-44ae-87a6-786722f8ad76',
        'Торт очень красивый, но слишком сладкий для моих вкусов. Сильно перенасыщен сахаром.',
        2,
        '550e8400-e29b-41d4-a716-446655441201',
        '1d4c8bda-158d-49c1-bf56-5c9339ab7683'),
       ('4b4b4b52-5e9d-4d6d-b24a-c1d37ea3936f',
        'Прекрасный торт для любителей шоколада. Очень вкусно, но не всем подойдёт из-за сладости.',
        4,
        '550e8400-e29b-41d4-a716-446655441201',
        '709a8321-fbc7-45c9-8414-9df4c9f454e3');

INSERT INTO cake_images (id, image_url, cake_id)
VALUES ('2d7a4db3-5a1d-41ab-af99-75392a8752d9',
        'https://i.pinimg.com/originals/a1/56/ff/a156ff80b6dfe9ba98c66769126566df.jpg',
        '4f8537c9-8464-4e55-bcc8-16f79a0760bd'),
       ('0a62dd1d-0432-4e91-afac-d1b808b05294',
        'https://avatars.mds.yandex.net/i?id=3ae43a6e06712de8313c60a5d29d050e_l-9851898-images-thumbs&n=13',
        '4f8537c9-8464-4e55-bcc8-16f79a0760bd'),
       ('630c92bf-fb25-476a-8fcd-3a9ce7943f88',
        'https://cdn-img.perekrestok.ru/i/800x800-fit/xdelivery/files/77/75/75e84aa21ec6dc966ffcfac3772b.jpg',
        '550e8400-e29b-41d4-a716-446655441203'),
       ('630c92bf-fb25-476a-8fcd-3a9ce7943f89',
        'https://i.ytimg.com/vi/YNR8ZYrt5wk/maxresdefault.jpg',
        '550e8400-e29b-41d4-a716-446655441205'),
       ('630c92bf-fb25-476a-8fcd-3a9ce7943f90',
        'https://i.pinimg.com/736x/1d/0e/43/1d0e431d692232a2386323ca8d746107.jpg',
        '550e8400-e29b-41d4-a716-446655441201');